timestamp,open,high,low,close,volume,rv
2010-01-11T00:00:00.000000,,,,,,0.0
2010-01-18T00:00:00.000000,,,,,,0.0
2010-01-25T00:00:00.000000,,,,,,0.0
2010-02-01T00:00:00.000000,,,,,,0.0
2010-02-08T00:00:00.000000,,,,,,0.0
2010-02-15T00:00:00.000000,,,,,,0.0
2010-03-01T00:00:00.000000,,,,,,0.0
2010-03-08T00:00:00.000000,,,,,,0.0
2010-03-15T00:00:00.000000,,,,,,0.0
2010-03-22T00:00:00.000000,,,,,,0.0
2010-03-29T00:00:00.000000,,,,,,0.0
2010-04-05T00:00:00.000000,,,,,,0.0
2010-04-12T00:00:00.000000,,,,,,0.0
2010-04-19T00:00:00.000000,,,,,,0.0
2010-04-26T00:00:00.000000,,,,,,0.0
2010-05-03T00:00:00.000000,,,,,,0.0
2010-05-10T00:00:00.000000,,,,,,0.0
2010-05-17T00:00:00.000000,,,,,,0.0
2010-05-24T00:00:00.000000,,,,,,0.0
2010-05-31T00:00:00.000000,,,,,,0.0
2010-06-07T00:00:00.000000,,999.97,1000.09,1027.68,,0.003469322883561154
2010-06-14T00:00:00.000000,1005.03,1128.13,1001.7,1122.2,,0.003357588187111132
2010-06-21T00:00:00.000000,1126.13,999.85,1000.03,1000.28,,0.0036339270374655726
2010-06-28T00:00:00.000000,991.96,999.95,1000.14,1016.28,,0.0029611798045975726
2010-07-05T00:00:00.000000,1009.22,999.72,1000.28,873.12,,0.0040119218523803095
2010-07-12T00:00:00.000000,857.37,936.45,842.91,932.15,,0.0032443998947394533
2010-07-19T00:00:00.000000,931.53,941.02,869.1,892.3,,0.0027931914164652932
2010-07-26T00:00:00.000000,881.66,964.74,878.28,960.59,,0.0021320338387603405
2010-08-02T00:00:00.000000,962.76,981.88,954.62,968.43,,0.001661709868694433
2010-08-09T00:00:00.000000,968.45,999.99,1000.17,1011.39,,0.002123638053339175
2010-08-16T00:00:00.000000,1013.25,999.98,1000.02,1007.21,,0.0024762656150355304
2010-08-23T00:00:00.000000,1007.5,999.4,1000.21,995.94,,0.0016939678297329612
2010-08-30T00:00:00.000000,994.94,999.98,1000.0,999.46,,0.0017144313758120536
2010-09-06T00:00:00.000000,1002.99,999.63,1000.0,1036.7,,0.001906333394641721
2010-09-13T00:00:00.000000,1039.46,1043.24,1007.43,1034.94,,0.0016901649762878146
2010-09-20T00:00:00.000000,1034.39,999.55,1000.59,972.23,,0.0018270258565392021
2010-09-27T00:00:00.000000,972.45,975.18,930.25,934.46,,0.0016626916685049406
2010-10-04T00:00:00.000000,936.21,951.75,921.57,942.54,,0.0011126944362593691
2010-10-11T00:00:00.000000,946.47,963.12,945.77,959.86,,0.0010618778425353886
2010-10-18T00:00:00.000000,960.91,975.91,937.26,944.25,,0.001360967833221039
2010-10-25T00:00:00.000000,941.87,999.93,1000.0,1013.45,,0.0024982561043341216
2010-11-01T00:00:00.000000,1018.08,1069.75,1013.45,1064.52,,0.001847200228162331
2010-11-08T00:00:00.000000,1071.63,1113.58,1037.26,1072.22,,0.002311357493885673
2010-11-15T00:00:00.000000,1077.5,1163.64,1077.5,1082.24,,0.0025640056703665434
2010-11-22T00:00:00.000000,1087.81,1175.18,1077.36,1153.17,,0.0036657213398244783
2010-11-29T00:00:00.000000,1153.26,1215.57,1148.81,1196.02,,0.0026904768299227315
2010-12-06T00:00:00.000000,1195.31,1221.63,1147.03,1157.94,,0.0024757523950252117
2010-12-13T00:00:00.000000,1157.72,1176.34,1123.91,1166.8,,0.001740108569521235
2010-12-20T00:00:00.000000,1175.51,1233.55,1166.8,1232.98,,0.0015532745580294348
2010-12-27T00:00:00.000000,1235.67,1238.91,1140.15,1144.5,,0.002160476211136614
2011-01-03T00:00:00.000000,1145.7,1154.35,1080.56,1137.66,,0.001942285823124679
2011-01-10T00:00:00.000000,1142.17,1159.31,1119.72,1126.52,,0.0013264061207772428
2011-01-17T00:00:00.000000,1124.34,1124.34,1065.94,1067.42,,0.0017424256492660564
2011-01-24T00:00:00.000000,1066.43,1067.42,1013.3,1024.51,,0.001953918732479575
2011-01-31T00:00:00.000000,1024.79,999.84,1000.01,1020.94,,0.0018711959373578493
2011-02-07T00:00:00.000000,1021.63,1034.07,1014.53,1032.6,,0.0008275488138387859
2011-02-14T00:00:00.000000,1026.45,1075.56,1021.98,1071.58,,0.0014435801933264526
2011-02-21T00:00:00.000000,1072.31,1116.94,1072.31,1100.46,,0.0012938811066945661
2011-02-28T00:00:00.000000,1096.17,1122.18,1085.88,1095.1,,0.0017162821286761023
2011-03-07T00:00:00.000000,1096.34,1102.55,1056.56,1071.86,,0.0012963283868725828
2011-03-14T00:00:00.000000,1073.93,1113.01,1069.99,1101.76,,0.0011365125046531018
2011-03-21T00:00:00.000000,1099.32,1108.2,1074.93,1083.6,,0.00163005400236279
2011-03-28T00:00:00.000000,1083.15,1084.44,1057.86,1072.34,,0.0008610640827599924
2011-04-04T00:00:00.000000,1072.89,1074.32,1002.91,1015.08,,0.0012483818321962577
2011-04-11T00:00:00.000000,1011.68,999.94,1000.01,1019.14,,0.0008176422723252453
2011-04-18T00:00:00.000000,1021.3,999.99,1000.15,1010.06,,0.0009261573749308101
2011-04-25T00:00:00.000000,1008.48,999.98,1000.1,1004.65,,0.001019128950751624
2011-05-02T00:00:00.000000,1001.08,999.0,897.36,912.72,,0.0016288631196436192
2011-05-09T00:00:00.000000,911.79,923.0,900.47,918.28,,0.001603452767321609
2011-05-16T00:00:00.000000,920.12,935.9,897.91,909.77,,0.0012331432886562793
2011-05-23T00:00:00.000000,911.34,915.99,874.03,875.43,,0.001166545716626037
2011-05-30T00:00:00.000000,873.31,876.48,819.95,822.94,,0.002364954354638497
2011-06-06T00:00:00.000000,819.87,852.65,816.39,847.54,,0.0021279791791697315
2011-06-13T00:00:00.000000,847.55,848.2,811.23,824.03,,0.0013887907775922404
2011-06-20T00:00:00.000000,820.24,840.59,801.46,802.64,,0.001779396173903978
2011-06-27T00:00:00.000000,800.62,835.27,783.98,832.32,,0.0016065739230443996
2011-07-04T00:00:00.000000,832.62,862.34,832.32,855.27,,0.0012933975078402086
2011-07-11T00:00:00.000000,856.5,911.87,855.27,894.91,,0.0014676488916129024
2011-07-18T00:00:00.000000,894.07,951.4,888.58,951.14,,0.0015306217385613395
2011-07-25T00:00:00.000000,952.03,959.27,915.37,924.0,,0.001704139632682384
2011-08-01T00:00:00.000000,920.85,924.84,878.16,913.28,,0.0021017338509488237
2011-08-08T00:00:00.000000,911.94,951.59,899.32,919.18,,0.003056271964686066
2011-08-15T00:00:00.000000,919.19,932.78,835.28,926.3,,0.004309023080142537
2011-08-22T00:00:00.000000,928.98,946.8,891.8,912.42,,0.002080712495229422
2011-08-29T00:00:00.000000,913.61,954.72,907.86,952.81,,0.001715934195857332
2011-09-05T00:00:00.000000,951.55,960.15,902.48,909.85,,0.0016944603113990741
2011-09-12T00:00:00.000000,902.37,909.88,869.81,881.58,,0.001955283650712097
2011-09-19T00:00:00.000000,870.04,885.71,855.34,874.88,,0.0020300887023428564
2011-09-26T00:00:00.000000,871.88,881.56,833.77,843.48,,0.002246303459486779
2011-10-03T00:00:00.000000,842.0,848.82,781.79,791.13,,0.001997375550156926
2011-10-17T00:00:00.000000,792.97,835.63,773.93,830.2,,0.0024663453602574853
2011-10-24T00:00:00.000000,832.86,839.26,760.16,763.29,,0.0021809745723089533
2011-10-31T00:00:00.000000,763.3,833.73,741.33,833.42,,0.0024063766271337074
2011-11-07T00:00:00.000000,834.3,898.31,831.5,882.25,,0.0024938283395023937
2011-11-14T00:00:00.000000,880.15,911.73,860.75,891.19,,0.0022000240932297964
2011-11-21T00:00:00.000000,899.11,922.81,868.26,869.19,,0.002081686355820931
2011-11-28T00:00:00.000000,866.98,874.92,849.56,863.5,,0.0021010211737648036
2011-12-05T00:00:00.000000,864.38,880.31,824.95,829.18,,0.0028698821863835282
2011-12-12T00:00:00.000000,825.6,829.18,783.28,798.84,,0.0024895707102908773
2011-12-19T00:00:00.000000,798.81,803.74,743.27,778.77,,0.0023822963711958318
2011-12-26T00:00:00.000000,778.78,799.66,727.74,761.44,,0.0032008500877187987
2012-01-02T00:00:00.000000,760.67,769.92,700.11,729.5,,0.0022789448436750332
2012-01-09T00:00:00.000000,734.74,737.91,645.8,669.02,,0.0033657490930679886
2012-01-16T00:00:00.000000,667.86,728.66,657.18,666.08,,0.002856117984415737
2012-01-23T00:00:00.000000,657.8,666.08,612.28,646.38,,0.0035026218303983044
2012-02-06T00:00:00.000000,649.42,681.89,637.43,680.04,,0.0020147951778648654
2012-02-13T00:00:00.000000,680.05,705.7,669.54,698.85,,0.001979116482276722
2012-02-20T00:00:00.000000,694.24,731.45,690.53,717.8,,0.0019501315582741683
2012-02-27T00:00:00.000000,726.88,765.42,713.65,762.29,,0.0019940276161210797
2012-03-05T00:00:00.000000,763.96,771.3,733.78,757.67,,0.001712871174732587
2012-03-12T00:00:00.000000,759.65,777.69,740.61,777.69,,0.0017603051276786237
2012-03-19T00:00:00.000000,779.51,799.83,735.09,765.56,,0.0028946536685053657
2012-03-26T00:00:00.000000,764.95,779.56,735.15,737.89,,0.00225291654896407
2012-04-02T00:00:00.000000,735.16,745.83,673.49,678.52,,0.0023446318735853154
2012-04-09T00:00:00.000000,677.76,705.38,676.51,701.9,,0.0017511667914109717
2012-04-16T00:00:00.000000,699.87,723.89,672.99,718.96,,0.0022547875523151488
2012-04-23T00:00:00.000000,714.85,728.72,708.4,728.72,,0.0015351621616827012
2012-04-30T00:00:00.000000,724.9,728.72,663.92,685.13,,0.002595590356732781
2012-05-07T00:00:00.000000,692.35,713.84,685.13,713.19,,0.0014699580036471108
2012-05-14T00:00:00.000000,710.98,738.52,709.87,721.08,,0.0017807003408748026
2012-05-21T00:00:00.000000,725.52,729.67,703.93,706.22,,0.0018333306206773736
2012-05-28T00:00:00.000000,705.86,718.02,698.81,702.72,,0.001525984954435621
2012-06-04T00:00:00.000000,699.64,740.49,686.07,734.26,,0.0016329375224823238
2012-06-11T00:00:00.000000,721.68,734.26,709.17,713.92,,0.002096971676715884
2012-06-18T00:00:00.000000,714.12,750.28,713.92,742.27,,0.0015576961012274812
2012-06-25T00:00:00.000000,744.05,753.77,732.17,739.05,,0.0014299143210318311
2012-07-02T00:00:00.000000,736.18,739.05,703.03,726.68,,0.001916841181071277
2012-07-09T00:00:00.000000,730.77,751.36,712.44,737.29,,0.001827978779063768
2012-07-16T00:00:00.000000,733.66,737.79,706.72,725.79,,0.0020275894610239224
2012-07-23T00:00:00.000000,722.82,725.79,684.3,706.25,,0.0019287311642357157
2012-07-30T00:00:00.000000,703.2,717.76,697.69,703.58,,0.00180963178885757
2012-08-06T00:00:00.000000,703.7,711.93,672.28,711.92,,0.0019926033745587524
2012-08-13T00:00:00.000000,711.93,744.84,706.83,743.07,,0.0013642075441642524
2012-08-20T00:00:00.000000,742.38,743.07,714.02,721.05,,0.001709237289241123
2012-08-27T00:00:00.000000,718.14,756.53,713.15,733.31,,0.0018035848778109158
2012-09-03T00:00:00.000000,731.67,736.74,692.14,706.63,,0.0022182572832049356
2012-09-10T00:00:00.000000,703.81,764.45,701.7,759.46,,0.0017878210124949265
2012-09-17T00:00:00.000000,759.69,766.52,738.95,744.46,,0.0016286960706303102
2012-09-24T00:00:00.000000,742.69,744.46,689.53,691.14,,0.0016221014373928647
2012-10-01T00:00:00.000000,685.99,695.19,660.12,689.64,,0.002187226786175596
2012-10-15T00:00:00.000000,690.35,724.7,686.27,708.87,,0.001732720374515611
2012-10-22T00:00:00.000000,706.23,722.61,694.12,719.45,,0.0014617785732436784
2012-10-29T00:00:00.000000,716.53,725.38,680.91,685.33,,0.0012885651819098752
2012-11-05T00:00:00.000000,684.34,703.13,682.76,701.38,,0.0011069456080885843
2012-11-12T00:00:00.000000,700.11,703.46,671.69,672.67,,0.0014278651844178258
2012-11-19T00:00:00.000000,674.76,681.3,653.02,656.2,,0.0015081546343344687
2012-11-26T00:00:00.000000,654.78,661.89,646.64,651.43,,0.0015351188442037681
2012-12-03T00:00:00.000000,651.06,651.43,601.05,606.77,,0.001688090450063977
2012-12-10T00:00:00.000000,605.6,638.17,585.44,637.49,,0.0019655053909820737
2012-12-17T00:00:00.000000,638.24,656.59,631.14,656.22,,0.0015999968488777947
2012-12-24T00:00:00.000000,656.75,670.81,643.05,668.09,,0.0016711979159174924
2012-12-31T00:00:00.000000,666.28,712.85,665.88,707.67,,0.001546773551085934
2013-01-07T00:00:00.000000,708.24,718.39,699.17,705.34,,0.0016234765858143519
2013-01-14T00:00:00.000000,704.37,746.04,702.39,731.59,,0.0018229409998334635
2013-01-21T00:00:00.000000,735.65,787.5,735.18,787.39,,0.002077419177861792
2013-01-28T00:00:00.000000,788.07,793.23,750.36,762.85,,0.0019501599707990663
2013-02-04T00:00:00.000000,764.09,795.07,764.09,782.36,,0.0014839973148345292
2013-02-11T00:00:00.000000,783.74,824.31,765.97,823.03,,0.0013890340141471987
2013-02-25T00:00:00.000000,829.66,853.27,816.96,838.76,,0.0019742058698183204
2013-03-04T00:00:00.000000,838.88,885.18,835.94,884.89,,0.0015671207326458042
2013-03-11T00:00:00.000000,880.25,905.16,855.05,864.7,,0.0020180559955369462
2013-03-18T00:00:00.000000,863.12,873.47,821.35,853.91,,0.0020985645349619313
2013-03-25T00:00:00.000000,852.15,885.98,829.19,882.0,,0.0016315372210517728
2013-04-01T00:00:00.000000,882.75,885.77,860.96,866.46,,0.002050203961994474
2013-04-08T00:00:00.000000,866.65,883.15,827.27,835.14,,0.001803505856264984
2013-04-15T00:00:00.000000,824.78,864.12,817.35,846.61,,0.0019339636046643942
2013-04-22T00:00:00.000000,844.11,895.87,824.84,892.21,,0.001615797333297791
2013-04-29T00:00:00.000000,890.93,937.56,886.4,889.38,,0.0020945379312818533
2013-05-06T00:00:00.000000,887.08,940.28,883.79,939.21,,0.0018036456886838088
2013-05-13T00:00:00.000000,941.09,996.59,941.09,988.3,,0.0018228829175874694
2013-05-20T00:00:00.000000,989.37,999.2,1000.06,1023.4,,0.0017415487090995873
2013-05-27T00:00:00.000000,1025.17,1074.89,1025.17,1073.78,,0.00213538342687598
2013-06-03T00:00:00.000000,1075.83,1091.25,1053.18,1073.02,,0.0016482158300861868
2013-06-10T00:00:00.000000,1070.73,1074.82,1011.4,1030.14,,0.00172689175011793
2013-06-17T00:00:00.000000,1019.47,999.86,1000.0,1068.15,,0.0032425170809883296
2013-06-24T00:00:00.000000,1074.53,999.97,1000.44,1025.5,,0.003126839303061286
2013-07-01T00:00:00.000000,1023.22,999.7,1000.05,1011.66,,0.004293346892658294
2013-07-08T00:00:00.000000,1011.27,1108.49,1005.8,1057.27,,0.0025728866653116915
2013-07-15T00:00:00.000000,1035.94,1117.69,1015.67,1096.3,,0.0030989258899266443
2013-07-22T00:00:00.000000,1096.19,1156.09,1096.19,1116.01,,0.002268699793036242
2013-07-29T00:00:00.000000,1109.96,1208.13,1107.34,1158.35,,0.0028083434921135665
2013-08-05T00:00:00.000000,1155.81,1208.21,1095.65,1188.85,,0.002791340720564722
2013-08-12T00:00:00.000000,1186.73,1219.12,1153.45,1172.52,,0.00203081546477991
2013-08-19T00:00:00.000000,1174.09,1186.29,1131.44,1132.09,,0.002093632970661589
2013-08-26T00:00:00.000000,1126.64,1225.89,1125.59,1219.83,,0.0019496341538938879
2013-09-02T00:00:00.000000,1220.98,1253.4,1181.94,1185.14,,0.0018495178092827137
2013-09-09T00:00:00.000000,1179.32,1288.26,1178.01,1282.75,,0.0016665465300244413
2013-09-16T00:00:00.000000,1282.65,1283.7,1210.4,1253.45,,0.0019491843968518442
2013-09-23T00:00:00.000000,1254.47,1297.64,1254.47,1289.64,,0.001836572030733012
2013-09-30T00:00:00.000000,1292.76,1344.39,1291.33,1323.76,,0.002057032144500385
2013-10-07T00:00:00.000000,1329.56,1368.66,1329.56,1367.91,,0.001822763234980517
2013-10-14T00:00:00.000000,1376.37,1423.97,1357.49,1379.9,,0.002033268664391876
2013-10-21T00:00:00.000000,1374.47,1409.5,1317.75,1349.94,,0.0022898578239361972
2013-10-28T00:00:00.000000,1358.88,1408.46,1255.59,1269.17,,0.002972629222352088
2013-11-04T00:00:00.000000,1264.14,1292.97,1198.81,1221.96,,0.0031520243368297444
2013-11-11T00:00:00.000000,1217.28,1277.43,1204.52,1211.11,,0.0025138513344892524
2013-11-18T00:00:00.000000,1208.26,1287.08,1191.18,1269.05,,0.0023419242768444658
2013-11-25T00:00:00.000000,1275.55,1312.07,1275.55,1295.07,,0.0017187052076007526
2013-12-02T00:00:00.000000,1290.84,1369.12,1280.01,1366.83,,0.0015732506173498243
2013-12-09T00:00:00.000000,1296.7,1317.69,1194.75,1206.78,,0.005043258194840925
2013-12-16T00:00:00.000000,1211.39,1286.72,1211.39,1278.14,,0.001800730782757174
2013-12-23T00:00:00.000000,1279.06,1293.94,1245.96,1253.71,,0.0021820246949708906
2013-12-30T00:00:00.000000,1251.41,1297.62,1224.99,1294.3,,0.0018495377582544849
2014-01-06T00:00:00.000000,1294.42,1355.12,1288.94,1352.84,,0.0015332087748461834
2014-01-13T00:00:00.000000,1350.31,1423.84,1312.27,1353.3,,0.0022838303503499103
2014-01-20T00:00:00.000000,1352.01,1423.12,1349.25,1395.51,,0.0015893448593795822
2014-01-27T00:00:00.000000,1393.88,1493.64,1362.45,1484.43,,0.0016972875980570711
2014-02-03T00:00:00.000000,1477.46,1507.87,1448.47,1495.98,,0.0016556389931125892
2014-02-10T00:00:00.000000,1489.05,1532.82,1483.69,1532.69,,0.001157943407469486
2014-02-17T00:00:00.000000,1536.99,1559.77,1475.95,1515.78,,0.00198935220899922
2014-02-24T00:00:00.000000,1521.17,1561.77,1503.81,1519.66,,0.001909763995896969
2014-03-03T00:00:00.000000,1517.97,1571.4,1393.0,1434.89,,0.003315883424254792
2014-03-10T00:00:00.000000,1433.9,1477.96,1427.0,1460.61,,0.002051765420694188
2014-03-17T00:00:00.000000,1446.06,1450.38,1378.89,1434.02,,0.0023121345887041956
2014-03-24T00:00:00.000000,1436.11,1493.39,1379.74,1419.84,,0.001991510872952914
2014-03-31T00:00:00.000000,1411.78,1424.25,1317.41,1330.5,,0.002135888234920337
2014-04-07T00:00:00.000000,1327.23,1360.88,1315.49,1346.74,,0.0017828675561854504
2014-04-14T00:00:00.000000,1335.39,1395.04,1327.8,1363.9,,0.0018092252442885798
2014-04-21T00:00:00.000000,1367.75,1380.86,1353.78,1377.42,,0.001163531641909477
2014-04-28T00:00:00.000000,1367.93,1384.69,1290.36,1291.9,,0.0015639680177318455
2014-05-05T00:00:00.000000,1283.64,1287.77,1248.32,1283.21,,0.002080019590163001
2014-05-12T00:00:00.000000,1281.16,1327.8,1249.56,1258.58,,0.0015125516323984565
2014-05-19T00:00:00.000000,1263.92,1293.82,1210.81,1226.47,,0.001561711501030388
2014-05-26T00:00:00.000000,1224.65,1296.84,1213.99,1296.0,,0.0021700766837468854
2014-06-02T00:00:00.000000,1301.87,1341.57,1300.09,1318.13,,0.0014847929374017632
2014-06-09T00:00:00.000000,1317.99,1362.98,1303.36,1350.45,,0.0015096938351106268
2014-06-16T00:00:00.000000,1348.77,1386.35,1316.84,1382.73,,0.0015390054871051682
2014-06-23T00:00:00.000000,1384.16,1397.63,1310.49,1333.98,,0.001735183383671194
2014-06-30T00:00:00.000000,1335.18,1397.97,1335.18,1388.82,,0.0014468181013922053
2014-07-07T00:00:00.000000,1388.47,1428.67,1374.3,1411.64,,0.0013983423009321834
2014-07-14T00:00:00.000000,1411.99,1418.68,1351.77,1359.34,,0.0014511738970103018
2014-07-21T00:00:00.000000,1358.17,1367.82,1300.76,1305.92,,0.0014518103136414342
2014-07-28T00:00:00.000000,1304.72,1332.36,1255.69,1285.77,,0.001551347931058784
2014-08-04T00:00:00.000000,1289.1,1346.22,1286.66,1325.94,,0.001276962149948891
2014-08-11T00:00:00.000000,1325.01,1381.46,1321.2,1377.44,,0.0013298474404959955
2014-08-18T00:00:00.000000,1379.47,1402.75,1370.08,1392.45,,0.001126733386188523
2014-08-25T00:00:00.000000,1394.64,1465.67,1394.64,1461.72,,0.0013620889573733007
2014-09-01T00:00:00.000000,1461.21,1461.49,1398.56,1424.47,,0.0013997301681383176
2014-09-08T00:00:00.000000,1428.37,1498.26,1427.93,1489.84,,0.0010911103195518949
2014-09-15T00:00:00.000000,1492.45,1532.31,1479.06,1524.12,,0.0013113173578994252
2014-09-22T00:00:00.000000,1522.57,1529.4,1456.5,1499.12,,0.0016051885545502905
2014-09-29T00:00:00.000000,1496.96,1523.25,1480.18,1511.36,,0.0010742702675563941
2014-10-06T00:00:00.000000,1515.38,1540.95,1515.38,1540.87,,0.0010401577447294317
2014-10-13T00:00:00.000000,1543.59,1569.06,1537.01,1554.22,,0.0012647070577763064
2014-10-20T00:00:00.000000,1548.18,1560.04,1488.47,1511.05,,0.001557524163243394
2014-10-27T00:00:00.000000,1513.42,1537.67,1473.06,1477.59,,0.0013105913449743864
2014-11-03T00:00:00.000000,1473.66,1539.21,1465.96,1513.27,,0.0011727644256000669
2014-11-10T00:00:00.000000,1513.25,1543.72,1505.98,1522.63,,0.0011319636782246003
2014-11-17T00:00:00.000000,1525.2,1526.38,1434.27,1441.21,,0.0014693586109774278
2014-11-24T00:00:00.000000,1444.06,1509.73,1437.99,1504.83,,0.0012898551092498944
2014-12-01T00:00:00.000000,1513.43,1582.48,1497.85,1570.85,,0.0012543228468105535
2014-12-08T00:00:00.000000,1569.65,1631.31,1540.42,1581.91,,0.0023208701026994146
2014-12-15T00:00:00.000000,1575.3,1626.34,1499.33,1623.57,,0.0027276670851013834
2014-12-22T00:00:00.000000,1623.6,1674.98,1568.98,1596.81,,0.0022271350233722675
2014-12-29T00:00:00.000000,1583.96,1583.96,1489.12,1536.08,,0.0025770264393556344
2015-01-05T00:00:00.000000,1531.12,1531.12,1450.05,1471.76,,0.001965400430842981
2015-01-12T00:00:00.000000,1470.58,1583.75,1429.08,1553.24,,0.0024576847427802023
2015-01-19T00:00:00.000000,1552.05,1641.53,1550.62,1639.56,,0.0018379815082836776
2015-01-26T00:00:00.000000,1608.25,1744.08,1600.4,1697.29,,0.0026841533335114614
2015-02-02T00:00:00.000000,1698.99,1759.0,1679.69,1680.58,,0.0018408790434548033
2015-02-09T00:00:00.000000,1667.12,1809.72,1660.05,1730.97,,0.0021247061527927607
2015-02-16T00:00:00.000000,1727.22,1828.24,1700.88,1825.49,,0.0017028223850800237
2015-02-23T00:00:00.000000,1836.71,1909.91,1836.71,1894.31,,0.002030094263191429
2015-03-02T00:00:00.000000,1899.39,1928.04,1847.73,1928.04,,0.0017345629839746956
2015-03-09T00:00:00.000000,1944.11,2032.22,1940.32,1951.4,,0.00197447830395197
2015-03-16T00:00:00.000000,1941.42,2070.95,1932.82,2069.07,,0.002071332894176649
2015-03-23T00:00:00.000000,2088.2,2232.08,2088.2,2213.77,,0.00201126217569432
2015-03-30T00:00:00.000000,2225.85,2405.56,2221.71,2323.82,,0.003082949333897563
2015-04-06T00:00:00.000000,2319.31,2515.58,2266.85,2510.16,,0.002456720643003194
2015-04-13T00:00:00.000000,2530.07,2568.09,2346.89,2552.83,,0.0031047854951413343
2015-04-20T00:00:00.000000,2558.19,2596.92,2407.85,2463.99,,0.002885202751385041
2015-04-27T00:00:00.000000,2462.41,2747.62,2411.34,2734.75,,0.003431203411183366
2015-05-04T00:00:00.000000,2781.6,2918.75,2650.43,2857.89,,0.0033598506440189226
2015-05-11T00:00:00.000000,2868.1,2974.37,2753.87,2973.6,,0.0037857903801603405
2015-05-18T00:00:00.000000,3015.43,3271.18,2991.33,3145.34,,0.004369403980684976
2015-05-25T00:00:00.000000,3178.37,3618.24,3178.37,3516.63,,0.003974764581382286
2015-06-01T00:00:00.000000,3415.67,3677.33,3328.46,3542.84,,0.0053000279487745725
2015-06-08T00:00:00.000000,3580.08,4037.96,3580.08,3885.83,,0.005176095324566818
2015-06-15T00:00:00.000000,3862.8,3922.7,3633.72,3899.7,,0.0036233036289987862
2015-06-22T00:00:00.000000,3919.36,3919.36,3304.65,3314.98,,0.004889791337469362
2015-06-29T00:00:00.000000,3314.89,3459.46,2915.94,2920.7,,0.006490089265538072
2015-07-06T00:00:00.000000,2943.5,3008.19,2458.29,2605.28,,0.010120415915974738
2015-07-13T00:00:00.000000,2795.67,2795.67,2304.76,2535.89,,0.0066040588062522216
2015-07-20T00:00:00.000000,2612.77,2827.55,2439.24,2783.32,,0.007062741437352608
2015-07-27T00:00:00.000000,2820.72,3014.18,2777.91,2897.82,,0.004677574875672476
2015-08-03T00:00:00.000000,2822.37,2924.08,2483.92,2539.84,,0.007455228725015144
2015-08-10T00:00:00.000000,2475.33,2586.53,2371.48,2576.99,,0.004590098046631726
2015-08-17T00:00:00.000000,2606.74,2747.83,2578.91,2674.02,,0.00325641891771063
2015-08-24T00:00:00.000000,2665.37,2720.58,2340.92,2341.95,,0.005757420736525042
2015-08-31T00:00:00.000000,2222.54,2246.55,1843.19,2082.12,,0.00904898000392734
2015-09-07T00:00:00.000000,2056.29,2058.85,1779.18,1855.03,,0.007542815396194849
2015-09-14T00:00:00.000000,1882.86,2102.23,1859.21,2060.51,,0.004797946341620686
2015-09-21T00:00:00.000000,2068.2,2075.67,1794.29,1983.3,,0.005308518181414651
2015-09-28T00:00:00.000000,1950.33,2130.47,1945.35,2020.97,,0.0038724239507440263
2015-10-05T00:00:00.000000,2024.89,2135.51,2007.92,2082.67,,0.0034204556098586746
2015-10-12T00:00:00.000000,2153.12,2230.03,2138.54,2216.66,,0.003884583368417768
2015-10-19T00:00:00.000000,2233.61,2452.94,2232.27,2449.03,,0.0030318890454713843
2015-10-26T00:00:00.000000,2465.11,2549.76,2335.66,2538.38,,0.004270328138053175
2015-11-02T00:00:00.000000,2570.13,2586.95,2423.6,2478.28,,0.004127023647481974
2015-11-09T00:00:00.000000,2416.1,2666.4,2407.55,2661.41,,0.0035943249847479077
2015-11-16T00:00:00.000000,2653.31,2827.71,2612.26,2710.16,,0.0035828967201519154
2015-11-23T00:00:00.000000,2656.57,2847.9,2654.64,2800.15,,0.0034100711580448595
2015-11-30T00:00:00.000000,2797.12,2915.95,2629.13,2649.55,,0.003499018951783079
2015-12-07T00:00:00.000000,2658.97,2749.18,2507.38,2692.16,,0.004101393581443375
2015-12-14T00:00:00.000000,2699.34,2751.24,2650.45,2671.29,,0.00237604997147207
2015-12-21T00:00:00.000000,2642.82,2850.69,2622.47,2830.26,,0.002123479746762014
2015-12-28T00:00:00.000000,2825.32,2849.36,2735.97,2794.73,,0.0016804723029741446
2016-01-04T00:00:00.000000,2809.52,2823.75,2710.2,2714.05,,0.0022212845870431415
2016-01-11T00:00:00.000000,2706.28,2710.3,2142.33,2248.99,,0.00624028150094519
2016-01-18T00:00:00.000000,2188.19,2230.42,1989.87,2112.9,,0.00538291734573884
2016-01-25T00:00:00.000000,2074.86,2249.36,2074.86,2149.59,,0.003882235566033653
2016-02-01T00:00:00.000000,2165.73,2185.21,1888.25,1994.07,,0.004672325146095484
2016-02-08T00:00:00.000000,1989.21,2142.87,1956.92,2096.99,,0.002843984658205352
2016-02-22T00:00:00.000000,2029.56,2239.91,2029.56,2211.01,,0.0029742487569074986
2016-02-29T00:00:00.000000,2235.17,2249.69,1980.17,2014.92,,0.003186570398679438
2016-03-07T00:00:00.000000,2000.57,2063.53,1841.22,1907.04,,0.00453443443961494
2016-03-14T00:00:00.000000,1935.09,2015.71,1865.65,1934.87,,0.004434662939243157
2016-03-21T00:00:00.000000,1962.11,2194.36,1961.42,2177.87,,0.003223394260165851
2016-03-28T00:00:00.000000,2214.91,2277.92,2183.6,2216.09,,0.0031679671305185
2016-04-04T00:00:00.000000,2233.13,2271.96,2130.85,2205.37,,0.0030596819077865355
2016-04-11T00:00:00.000000,2207.46,2316.63,2194.23,2229.93,,0.0026206336240059795
2016-04-18T00:00:00.000000,2255.07,2330.06,2236.44,2309.68,,0.0023339878353341764
2016-04-25T00:00:00.000000,2288.42,2289.05,2090.95,2136.92,,0.003204245375530384
2016-05-02T00:00:00.000000,2128.66,2176.33,2083.64,2138.74,,0.002060948504113138
2016-05-09T00:00:00.000000,2138.96,2235.96,2126.87,2129.19,,0.0021695882984268454
2016-05-16T00:00:00.000000,2107.33,2107.33,1977.0,2025.22,,0.003032104515173526
2016-05-23T00:00:00.000000,2017.84,2107.71,2000.53,2065.3,,0.0025680286720912186
2016-05-30T00:00:00.000000,2073.0,2111.26,2019.3,2069.89,,0.002176783277668139
2016-06-06T00:00:00.000000,2054.62,2236.58,2033.67,2204.97,,0.0022839106153221753
2016-06-13T00:00:00.000000,2212.46,2219.28,2166.97,2186.54,,0.0017302822235203434
2016-06-20T00:00:00.000000,2150.39,2165.28,2031.67,2122.89,,0.0026876939551687333
2016-06-27T00:00:00.000000,2117.99,2157.94,2060.2,2127.36,,0.0030404712412888135
2016-07-04T00:00:00.000000,2111.1,2241.63,2110.6,2211.18,,0.0019085542266272313
2016-07-11T00:00:00.000000,2195.62,2259.29,2193.84,2239.0,,0.00148022725960075
2016-07-18T00:00:00.000000,2242.26,2299.86,2182.03,2263.78,,0.0018141336913221533
2016-07-25T00:00:00.000000,2257.42,2289.67,2234.21,2250.0,,0.0015188093300474723
2016-08-01T00:00:00.000000,2245.86,2284.28,2109.13,2122.41,,0.00259273636105426
2016-08-08T00:00:00.000000,2113.67,2133.18,2066.18,2109.06,,0.0017431726373758982
2016-08-15T00:00:00.000000,2102.24,2164.63,2083.98,2123.84,,0.0014022003005803158
2016-08-22T00:00:00.000000,2126.79,2218.29,2112.25,2204.56,,0.001579581078111368
2016-08-29T00:00:00.000000,2205.58,2213.41,2152.11,2189.75,,0.0015410677270947333
2016-09-05T00:00:00.000000,2187.72,2210.4,2160.12,2170.86,,0.001070114980875724
2016-09-12T00:00:00.000000,2178.63,2232.12,2161.93,2202.97,,0.0012983301546404902
2016-09-19T00:00:00.000000,2163.45,2179.98,2131.71,2144.56,,0.002115637817429419
2016-09-26T00:00:00.000000,2149.37,2178.53,2149.37,2156.51,,0.0009279540722120159
2016-10-03T00:00:00.000000,2154.4,2161.76,2112.7,2149.9,,0.0010179047973195104
2016-10-17T00:00:00.000000,2165.85,2216.52,2163.41,2194.23,,0.0010864238777124953
2016-10-24T00:00:00.000000,2199.18,2202.49,2160.01,2181.0,,0.0009776288935465453
2016-10-31T00:00:00.000000,2184.11,2207.81,2165.03,2165.43,,0.0008661839290560567
2016-11-07T00:00:00.000000,2158.57,2177.83,2135.28,2145.23,,0.0010687300477929703
2016-11-14T00:00:00.000000,2141.3,2154.85,2098.56,2147.11,,0.0012206894477991754
2016-11-21T00:00:00.000000,2146.83,2208.98,2146.83,2157.96,,0.0011340991501349069
2016-11-28T00:00:00.000000,2156.46,2191.26,2123.74,2167.53,,0.0013819439918419689
2016-12-05T00:00:00.000000,2172.97,2201.56,2143.21,2143.45,,0.0013829732573252113
2016-12-12T00:00:00.000000,2129.25,2162.3,2097.09,2099.89,,0.0010689065836914434
2016-12-19T00:00:00.000000,2095.58,2096.4,1956.55,1998.11,,0.0017274287606005403
2016-12-26T00:00:00.000000,1995.0,1996.1,1964.23,1964.54,,0.000914256500837699
2017-01-02T00:00:00.000000,1959.19,1977.31,1933.52,1962.06,,0.001034254732902143
2017-01-09T00:00:00.000000,1965.04,1993.71,1959.14,1965.03,,0.0007628207829879359
2017-01-16T00:00:00.000000,1962.2,1968.87,1899.11,1899.94,,0.0010691707270589703
2017-01-23T00:00:00.000000,1897.45,1897.82,1783.74,1880.75,,0.0026500947550346403
2017-01-30T00:00:00.000000,1879.97,1897.1,1856.22,1886.23,,0.0008217315781776214
2017-02-06T00:00:00.000000,1886.97,1888.81,1872.7,1876.76,,0.0008404380139807564
2017-02-13T00:00:00.000000,1877.14,1916.41,1874.71,1904.68,,0.0008139369821378125
2017-02-20T00:00:00.000000,1902.46,1920.29,1881.0,1882.87,,0.0009100301504698584
2017-02-27T00:00:00.000000,1884.99,1939.39,1876.67,1938.44,,0.0009758969298341041
2017-03-06T00:00:00.000000,1937.56,1943.98,1908.32,1928.29,,0.0007879529253128556
2017-03-13T00:00:00.000000,1931.62,1977.85,1931.62,1950.01,,0.0009290421736175622
2017-03-20T00:00:00.000000,1948.52,1981.69,1939.03,1949.66,,0.0009861385919821674
2017-03-27T00:00:00.000000,1948.6,1966.42,1930.44,1965.14,,0.0009406881893101325
2017-04-03T00:00:00.000000,1964.62,1967.11,1893.3,1907.34,,0.001124004826356175
2017-04-10T00:00:00.000000,1914.91,1953.57,1914.91,1946.05,,0.0009361248074908758
2017-04-17T00:00:00.000000,1940.3,1940.3,1887.35,1887.46,,0.0012494924351711752
2017-04-24T00:00:00.000000,1880.77,1886.61,1812.39,1839.01,,0.001367441039573591
2017-05-01T00:00:00.000000,1832.82,1856.4,1794.4,1850.73,,0.0016524244957853993
2017-05-08T00:00:00.000000,1849.22,1858.56,1818.19,1818.19,,0.0010601039288560589
2017-05-15T00:00:00.000000,1814.1,1825.76,1727.58,1774.63,,0.0017372564024073474
2017-05-22T00:00:00.000000,1778.18,1833.87,1764.29,1801.08,,0.0013178164240582066
2017-05-29T00:00:00.000000,1798.56,1814.41,1730.36,1759.63,,0.0019082300735701282
2017-06-05T00:00:00.000000,1777.65,1783.15,1711.82,1745.93,,0.0018016175076565326
2017-06-12T00:00:00.000000,1747.53,1804.66,1747.53,1796.13,,0.0010393790012045716
2017-06-19T00:00:00.000000,1787.56,1823.42,1771.85,1810.05,,0.001053477870580287
2017-06-26T00:00:00.000000,1809.51,1833.94,1776.6,1807.43,,0.0011069035938493046
2017-07-03T00:00:00.000000,1805.88,1830.22,1801.21,1818.07,,0.0008875932754562222
2017-07-10T00:00:00.000000,1818.2,1844.2,1816.03,1835.44,,0.0008759955927062114
2017-07-17T00:00:00.000000,1831.37,1831.37,1742.22,1745.57,,0.001199559309184152
2017-07-24T00:00:00.000000,1730.7,1730.7,1641.38,1690.14,,0.002209145893548024
2017-07-31T00:00:00.000000,1685.71,1746.54,1674.22,1734.07,,0.0013631239474669603
2017-08-07T00:00:00.000000,1731.92,1757.76,1716.53,1719.62,,0.0012532544658551777
2017-08-14T00:00:00.000000,1722.24,1777.19,1720.99,1742.14,,0.0015546678707377731
2017-08-21T00:00:00.000000,1745.01,1845.25,1745.01,1821.8,,0.0012754199990281563
2017-08-28T00:00:00.000000,1823.37,1834.66,1792.7,1812.88,,0.0010605314331256918
2017-09-04T00:00:00.000000,1815.84,1865.81,1815.84,1865.25,,0.0010740968306650776
2017-09-11T00:00:00.000000,1863.02,1917.96,1858.39,1885.27,,0.0011153554334621864
2017-09-18T00:00:00.000000,1883.65,1904.3,1869.63,1875.63,,0.0009338028216546201
2017-09-25T00:00:00.000000,1874.45,1901.27,1854.94,1866.42,,0.0010014902769431096
2017-10-02T00:00:00.000000,1864.86,1869.39,1826.92,1866.98,,0.0008714081202626841
2017-10-16T00:00:00.000000,1889.89,1927.02,1880.39,1926.07,,0.0011192320700588872
2017-10-23T00:00:00.000000,1920.94,1921.64,1855.36,1880.21,,0.0011501992667911091
2017-10-30T00:00:00.000000,1881.41,1918.79,1878.34,1896.22,,0.0009167136953016189
2017-11-06T00:00:00.000000,1894.86,1902.05,1825.29,1832.97,,0.0014455989408198424
2017-11-13T00:00:00.000000,1831.9,1905.06,1818.41,1900.63,,0.0010222546086449526
2017-11-20T00:00:00.000000,1904.58,1912.49,1831.01,1833.89,,0.0015061504647505915
2017-11-27T00:00:00.000000,1819.17,1871.71,1782.6,1782.66,,0.0020732856382096503
2017-12-04T00:00:00.000000,1781.22,1808.69,1758.45,1804.62,,0.0015463868356475128
2017-12-11T00:00:00.000000,1803.03,1812.4,1744.49,1792.15,,0.001506920535415147
2017-12-18T00:00:00.000000,1800.13,1821.48,1780.27,1783.97,,0.00110503975738631
2017-12-25T00:00:00.000000,1784.41,1802.58,1762.98,1779.34,,0.0011038118373065363
2018-01-01T00:00:00.000000,1778.96,1780.52,1741.0,1752.65,,0.0010317761686671424
2018-01-08T00:00:00.000000,1759.02,1804.88,1748.53,1801.42,,0.0008555027638205124
2018-01-15T00:00:00.000000,1801.18,1808.66,1776.01,1785.7,,0.0010221717944120282
2018-01-22T00:00:00.000000,1778.79,1780.19,1697.62,1728.14,,0.0015945376187950248
2018-01-29T00:00:00.000000,1726.32,1852.23,1715.43,1816.8,,0.0016719624002788818
2018-02-05T00:00:00.000000,1811.54,1826.1,1676.24,1702.43,,0.002246864089792918
2018-02-12T00:00:00.000000,1678.19,1698.28,1571.47,1592.51,,0.003816358582680621
2018-02-19T00:00:00.000000,1604.56,1669.08,1604.56,1646.77,,0.0017364591239985617
2018-02-26T00:00:00.000000,1661.56,1681.24,1650.88,1668.83,,0.001344207737962373
2018-03-05T00:00:00.000000,1683.15,1804.25,1673.95,1772.01,,0.0018731588518671862
2018-03-12T00:00:00.000000,1780.82,1858.03,1768.88,1856.45,,0.001388022449131324
2018-03-19T00:00:00.000000,1872.03,1900.88,1812.48,1821.32,,0.0017990200592116836
2018-03-26T00:00:00.000000,1822.6,1877.13,1710.4,1726.02,,0.0029426188353408713
2018-04-02T00:00:00.000000,1704.35,1900.96,1693.73,1900.48,,0.002606879242706065
2018-04-09T00:00:00.000000,1911.57,1918.22,1834.67,1836.81,,0.0022027899566101693
2018-04-16T00:00:00.000000,1833.71,1862.97,1811.35,1824.59,,0.001832882289948763
2018-04-23T00:00:00.000000,1818.25,1852.08,1757.39,1782.81,,0.002148419455131628
2018-04-30T00:00:00.000000,1784.15,1825.23,1729.9,1805.6,,0.0020088993642321923
2018-05-07T00:00:00.000000,1814.63,1833.27,1767.6,1814.86,,0.0019374349284925873
2018-05-14T00:00:00.000000,1819.67,1870.0,1819.02,1834.78,,0.0013197601505736767
2018-05-21T00:00:00.000000,1835.7,1862.29,1812.66,1836.75,,0.001393126408410839
2018-05-28T00:00:00.000000,1845.76,1876.2,1804.55,1804.55,,0.0013916063851924186
2018-06-04T00:00:00.000000,1804.78,1815.22,1699.68,1709.55,,0.0022612203302488153
2018-06-11T00:00:00.000000,1709.57,1751.97,1690.99,1711.52,,0.0013490341049122515
2018-06-18T00:00:00.000000,1707.14,1715.66,1636.7,1641.66,,0.001921719972407993
2018-06-25T00:00:00.000000,1612.9,1626.87,1506.62,1549.66,,0.0028872704676812626
2018-07-02T00:00:00.000000,1563.74,1609.73,1515.27,1606.71,,0.0019277902238734308
2018-07-09T00:00:00.000000,1605.21,1614.34,1517.06,1541.31,,0.0027373487260074062
2018-07-16T00:00:00.000000,1546.01,1626.27,1540.7,1618.46,,0.0025359469252670135
2018-07-23T00:00:00.000000,1614.56,1635.91,1578.8,1609.55,,0.0017744784081239328
2018-07-30T00:00:00.000000,1592.24,1645.44,1589.64,1594.57,,0.0015635989232342603
2018-08-06T00:00:00.000000,1593.6,1596.73,1481.61,1481.61,,0.0020351066510286824
2018-08-13T00:00:00.000000,1471.36,1514.51,1434.79,1511.71,,0.002207588751844365
2018-08-20T00:00:00.000000,1494.32,1534.12,1432.06,1434.31,,0.002417393210184435
2018-08-27T00:00:00.000000,1428.26,1463.02,1404.19,1450.09,,0.002150241355889457
2018-09-03T00:00:00.000000,1455.66,1499.68,1434.31,1435.2,,0.0015721766735555607
2018-09-10T00:00:00.000000,1433.63,1461.11,1415.17,1425.23,,0.0019021006355559474
2018-09-17T00:00:00.000000,1424.01,1427.33,1366.57,1366.57,,0.002101284646010363
2018-09-24T00:00:00.000000,1360.72,1413.56,1345.58,1411.12,,0.0017899680113513544
2018-10-01T00:00:00.000000,1401.86,1430.12,1394.25,1411.34,,0.0013439710961622238
2018-10-15T00:00:00.000000,1380.65,1388.16,1230.4,1268.41,,0.0032910762936544337
2018-10-22T00:00:00.000000,1268.88,1282.29,1184.91,1249.89,,0.0027560381454753507
2018-10-29T00:00:00.000000,1270.5,1329.55,1239.59,1263.19,,0.0035102163060022292
2018-11-05T00:00:00.000000,1262.54,1349.43,1222.62,1348.28,,0.0032094862238715932
2018-11-12T00:00:00.000000,1347.47,1371.43,1318.21,1322.83,,0.002072647217559232
2018-11-19T00:00:00.000000,1322.87,1415.38,1320.52,1403.28,,0.001810673076400687
2018-11-26T00:00:00.000000,1399.0,1403.94,1306.56,1308.74,,0.001874259375915177
2018-12-03T00:00:00.000000,1309.47,1351.98,1296.03,1329.39,,0.00176867399159705
2018-12-10T00:00:00.000000,1365.9,1391.03,1334.39,1341.02,,0.0024713415863854035
2018-12-17T00:00:00.000000,1328.06,1357.02,1309.44,1310.46,,0.001464268022804072
2018-12-24T00:00:00.000000,1303.88,1307.9,1259.81,1270.3,,0.0017665540495175676
2018-12-31T00:00:00.000000,1267.23,1285.69,1236.28,1250.53,,0.0021539051825692716
2019-01-07T00:00:00.000000,1250.62,1251.23,1201.8,1245.16,,0.001964299159058147
2019-01-14T00:00:00.000000,1250.4,1285.31,1244.82,1261.56,,0.0014898121069407552
2019-01-21T00:00:00.000000,1263.02,1277.27,1238.59,1269.5,,0.0013887437311501233
2019-01-28T00:00:00.000000,1271.39,1283.14,1244.94,1265.49,,0.0011759327761003639
2019-02-04T00:00:00.000000,1272.37,1279.82,1220.95,1271.27,,0.0018112476764618034
2019-02-18T00:00:00.000000,1275.22,1371.96,1274.73,1357.84,,0.001697637655859221
2019-02-25T00:00:00.000000,1364.94,1456.3,1364.94,1456.3,,0.0024162522762851578
2019-03-04T00:00:00.000000,1487.3,1581.83,1481.17,1567.87,,0.0034492830698824384
2019-03-11T00:00:00.000000,1596.55,1719.15,1593.26,1654.49,,0.00383468350763721
2019-03-18T00:00:00.000000,1673.4,1789.16,1628.63,1662.62,,0.0035639650060478576
2019-03-25T00:00:00.000000,1671.28,1730.35,1652.88,1693.87,,0.002500669657906784
2019-04-01T00:00:00.000000,1662.76,1695.09,1616.6,1693.55,,0.002491641940183749
2019-04-08T00:00:00.000000,1710.16,1784.12,1710.16,1777.26,,0.002575285917851916
2019-04-15T00:00:00.000000,1787.96,1792.03,1683.29,1695.73,,0.002338309967006684
2019-04-22T00:00:00.000000,1721.64,1729.21,1638.3,1715.8,,0.0022494367334239445
2019-04-29T00:00:00.000000,1720.78,1723.66,1653.69,1657.82,,0.002321387026618084
2019-05-06T00:00:00.000000,1658.19,1661.06,1608.72,1623.78,,0.002507985781015906
2019-05-13T00:00:00.000000,1551.72,1563.61,1463.19,1533.87,,0.0045230900729572275
2019-05-20T00:00:00.000000,1513.96,1537.59,1472.46,1478.75,,0.002190922879215262
2019-05-27T00:00:00.000000,1478.2,1504.21,1437.93,1443.75,,0.002282785467745407
2019-06-03T00:00:00.000000,1447.98,1507.18,1445.79,1483.66,,0.0019348329164472684
2019-06-10T00:00:00.000000,1489.43,1499.01,1411.61,1416.06,,0.0019294401861537013
2019-06-17T00:00:00.000000,1422.34,1489.47,1410.57,1453.96,,0.0016190572222442555
2019-06-24T00:00:00.000000,1450.56,1534.49,1437.04,1523.81,,0.0026484399658179593
2019-07-01T00:00:00.000000,1526.7,1529.72,1480.27,1511.51,,0.0014716809475126586
2019-07-08T00:00:00.000000,1545.06,1577.03,1525.29,1547.74,,0.001723197912923868
2019-07-15T00:00:00.000000,1547.6,1547.6,1495.23,1518.07,,0.001530955945073939
2019-07-22T00:00:00.000000,1512.77,1563.05,1496.81,1541.98,,0.0016519248550170291
2019-07-29T00:00:00.000000,1545.91,1567.33,1511.52,1561.86,,0.0014712727160783798
2019-08-05T00:00:00.000000,1561.27,1593.69,1536.4,1556.74,,0.0015815681729805739
2019-08-12T00:00:00.000000,1552.35,1566.73,1478.54,1507.71,,0.002443684632354606
2019-08-19T00:00:00.000000,1511.32,1584.38,1505.43,1567.99,,0.0018543069538050668
2019-08-26T00:00:00.000000,1586.01,1630.32,1581.71,1615.56,,0.001524370742590607
2019-09-02T00:00:00.000000,1588.55,1646.87,1587.9,1610.9,,0.0016116224349697098
2019-09-09T00:00:00.000000,1614.03,1708.97,1610.81,1692.24,,0.0016212227981299752
2019-09-16T00:00:00.000000,1702.99,1736.18,1691.94,1710.57,,0.0014264975364683243
2019-09-23T00:00:00.000000,1715.92,1723.11,1668.66,1705.05,,0.0012934673050822702
2019-09-30T00:00:00.000000,1699.34,1706.82,1623.65,1647.53,,0.0017183230486369574
2019-10-07T00:00:00.000000,1648.9,1651.87,1626.05,1627.55,,0.0014516464378980134
2019-10-14T00:00:00.000000,1631.92,1675.74,1601.81,1666.83,,0.0013684623069749769
2019-10-21T00:00:00.000000,1678.79,1690.94,1644.27,1648.63,,0.0012319934278188526
2019-10-28T00:00:00.000000,1651.29,1677.03,1628.93,1675.34,,0.0011869629609645316
2019-11-04T00:00:00.000000,1687.37,1706.31,1663.61,1687.0,,0.0013931671190130625
2019-11-11T00:00:00.000000,1689.58,1731.0,1689.0,1711.22,,0.0011472548461681632
2019-11-18T00:00:00.000000,1699.17,1700.28,1654.91,1674.78,,0.001458475520793734
2019-11-25T00:00:00.000000,1671.59,1745.09,1665.11,1679.8,,0.0014394157146074334
2019-12-02T00:00:00.000000,1682.23,1686.49,1647.29,1664.9,,0.0014368420162321404
2019-12-09T00:00:00.000000,1670.16,1726.8,1647.67,1726.8,,0.0012839200232578904
2019-12-16T00:00:00.000000,1733.48,1757.75,1711.01,1755.41,,0.0012321639766625975
2019-12-23T00:00:00.000000,1760.8,1807.95,1752.01,1771.71,,0.0010480275900667648
2019-12-30T00:00:00.000000,1763.73,1805.19,1735.72,1767.58,,0.001499711443787974
2020-01-06T00:00:00.000000,1763.58,1842.56,1749.16,1836.01,,0.0014054815962192839
2020-01-13T00:00:00.000000,1825.55,1917.83,1824.35,1904.19,,0.001814945803955681
2020-01-20T00:00:00.000000,1905.4,1949.04,1893.57,1932.51,,0.001339333637769263
2020-01-27T00:00:00.000000,1940.12,2004.39,1904.28,1927.74,,0.0024252817114838324
2020-02-10T00:00:00.000000,1769.16,2025.32,1769.16,2015.8,,0.005767900169977237
2020-02-17T00:00:00.000000,2019.31,2104.01,2007.23,2069.22,,0.002224171657919163
2020-02-24T00:00:00.000000,2089.21,2247.42,2089.21,2226.64,,0.0022806793305706788
2020-03-02T00:00:00.000000,2223.19,2293.46,2068.93,2071.57,,0.003696248711887176
2020-03-09T00:00:00.000000,2110.45,2238.73,2082.97,2192.94,,0.0033838700734459054
2020-03-16T00:00:00.000000,2151.27,2163.73,1937.95,2030.58,,0.005025020503588749
2020-03-23T00:00:00.000000,2034.75,2036.73,1838.31,1915.05,,0.0038752024448184316
2020-03-30T00:00:00.000000,1856.3,1957.7,1817.55,1903.88,,0.003349504446097614
2020-04-06T00:00:00.000000,1875.31,1928.34,1833.01,1906.67,,0.0024308501177954488
2020-04-13T00:00:00.000000,1944.96,2001.36,1942.8,1950.41,,0.0022071883947297837
2020-04-20T00:00:00.000000,1929.8,2048.28,1913.96,2020.77,,0.0020756666752901583
2020-04-27T00:00:00.000000,2027.84,2057.85,1996.96,2003.75,,0.0015513328765124808
2020-05-04T00:00:00.000000,2011.16,2077.81,1967.4,2069.43,,0.0020247112285140013
2020-05-11T00:00:00.000000,2052.39,2137.79,2051.29,2125.24,,0.0013129761284748913
2020-05-18T00:00:00.000000,2137.98,2145.02,2088.66,2124.31,,0.0012472556051269226
2020-05-25T00:00:00.000000,2122.31,2153.24,2036.68,2046.6,,0.0017032829521989304
2020-06-01T00:00:00.000000,2049.71,2114.86,2021.98,2086.67,,0.0017081177709837236
2020-06-08T00:00:00.000000,2105.24,2166.38,2105.24,2166.38,,0.0014380404591396922
2020-06-15T00:00:00.000000,2184.58,2236.08,2147.17,2206.76,,0.0016773878075589989
2020-06-22T00:00:00.000000,2223.43,2328.58,2217.29,2319.45,,0.001767434420209824
2020-06-29T00:00:00.000000,2328.4,2397.36,2328.4,2382.47,,0.0014258713433535216
2020-07-06T00:00:00.000000,2375.99,2467.5,2360.16,2462.56,,0.0016865808093383672
2020-07-13T00:00:00.000000,2469.24,2799.0,2460.13,2778.46,,0.0025637471175108816
2020-07-20T00:00:00.000000,2789.98,2896.31,2618.68,2662.4,,0.004121876951608032
2020-07-27T00:00:00.000000,2707.61,2807.42,2614.78,2627.84,,0.0030712508737727757
2020-08-03T00:00:00.000000,2639.26,2817.42,2605.77,2795.4,,0.002787793375233799
2020-08-10T00:00:00.000000,2831.35,2893.4,2703.13,2749.95,,0.002531127966884523
2020-08-17T00:00:00.000000,2735.43,2774.9,2577.71,2668.71,,0.002284532871653962
2020-08-24T00:00:00.000000,2682.21,2724.04,2578.39,2632.45,,0.0022246042298794903
2020-08-31T00:00:00.000000,2653.63,2762.89,2592.66,2757.84,,0.0021871042387214303
2020-09-07T00:00:00.000000,2769.83,2789.12,2686.87,2732.15,,0.001919796454408805
2020-09-14T00:00:00.000000,2728.74,2745.61,2474.7,2536.62,,0.0028200614836902723
2020-09-21T00:00:00.000000,2568.01,2604.39,2521.6,2596.08,,0.00199090355848678
2020-09-28T00:00:00.000000,2605.55,2608.42,2529.13,2540.43,,0.0017844379244742292
2020-10-05T00:00:00.000000,2551.78,2601.8,2517.04,2574.76,,0.0017036445714084434
2020-10-12T00:00:00.000000,2632.59,2679.01,2629.22,2672.93,,0.00377059877402274
2020-10-19T00:00:00.000000,2702.16,2793.49,2697.25,2724.5,,0.001833704387893285
2020-10-26T00:00:00.000000,2750.95,2752.76,2592.42,2600.84,,0.0017411050713869829
2020-11-02T00:00:00.000000,2585.79,2713.88,2555.32,2655.86,,0.002126355310426518
2020-11-09T00:00:00.000000,2670.52,2798.55,2664.76,2733.07,,0.0019631821020254965
2020-11-16T00:00:00.000000,2753.93,2831.37,2679.09,2706.81,,0.0022372445345301907
2020-11-23T00:00:00.000000,2716.02,2722.52,2593.83,2667.09,,0.0017228018008701208
2020-11-30T00:00:00.000000,2677.35,2705.77,2584.69,2618.99,,0.0016185247379293497
2020-12-07T00:00:00.000000,2627.87,2736.27,2593.7,2730.84,,0.0014753574378964206
2020-12-14T00:00:00.000000,2720.85,2763.41,2665.1,2687.78,,0.0015577952677990046
2020-12-21T00:00:00.000000,2695.19,2803.11,2674.51,2780.73,,0.0015160562175077984
2020-12-28T00:00:00.000000,2789.64,2888.35,2783.39,2840.8,,0.0018677675739434297
2021-01-04T00:00:00.000000,2847.12,2969.75,2795.65,2966.26,,0.0020131738248760096
2021-01-11T00:00:00.000000,2977.32,3194.37,2963.41,3150.78,,0.002709045964708271
2021-01-18T00:00:00.000000,3159.59,3207.07,3020.78,3089.94,,0.0029842619145455255
2021-01-25T00:00:00.000000,3078.03,3366.69,3056.81,3358.24,,0.002357682058440738
2021-02-01T00:00:00.000000,3363.6,3427.44,3070.04,3128.86,,0.0032987561366074484
2021-02-08T00:00:00.000000,3134.79,3276.23,3123.44,3193.71,,0.0024141483972197984
2021-02-15T00:00:00.000000,3202.48,3427.82,3162.59,3413.81,,0.0019584229465403856
2021-02-22T00:00:00.000000,3475.89,3476.0,3195.95,3285.53,,0.002997397102824535
2021-03-01T00:00:00.000000,3278.59,3278.59,2887.81,2914.11,,0.003361539773080219
2021-03-08T00:00:00.000000,2958.53,3023.21,2800.25,2871.97,,0.0029715646199042715
2021-03-15T00:00:00.000000,2889.08,2905.47,2608.24,2756.81,,0.003928854398851867
2021-03-22T00:00:00.000000,2737.45,2760.79,2612.45,2671.52,,0.0030513040786474405
2021-03-29T00:00:00.000000,2683.64,2754.3,2603.94,2745.4,,0.002468711585791732
2021-04-05T00:00:00.000000,2747.86,2871.11,2716.95,2852.23,,0.001763881660602018
2021-04-12T00:00:00.000000,2865.44,2871.87,2772.31,2783.33,,0.0015297092356190527
2021-04-19T00:00:00.000000,2789.78,2813.49,2711.84,2783.37,,0.0019925807983357416
2021-04-26T00:00:00.000000,2777.02,3009.27,2769.65,2994.49,,0.0017992196859206438
2021-05-03T00:00:00.000000,3019.3,3110.16,2946.8,3091.4,,0.002016436753648535
2021-05-10T00:00:00.000000,3059.58,3059.58,2910.41,2910.41,,0.0031698948914300378
2021-05-17T00:00:00.000000,2920.42,3039.73,2864.05,3033.81,,0.002323250956481624
2021-05-24T00:00:00.000000,3049.02,3171.9,3049.02,3113.26,,0.0021562052923327314
2021-05-31T00:00:00.000000,3128.78,3285.28,3075.45,3232.29,,0.001790181563300491
2021-06-07T00:00:00.000000,3246.15,3310.49,3183.67,3242.61,,0.001929329099074947
2021-06-14T00:00:00.000000,3240.95,3320.26,3183.06,3298.5,,0.002010299439926353
2021-06-21T00:00:00.000000,3298.21,3306.44,3122.81,3239.23,,0.0023472367191223076
2021-06-28T00:00:00.000000,3235.69,3355.88,3205.36,3347.7,,0.002092679889778627
2021-07-05T00:00:00.000000,3356.22,3500.74,3329.82,3333.9,,0.0022338179094730493
2021-07-12T00:00:00.000000,3332.49,3469.6,3240.87,3409.31,,0.0025693724041364286
2021-07-19T00:00:00.000000,3453.01,3560.88,3426.01,3432.65,,0.0025947881381492123
2021-07-26T00:00:00.000000,3438.2,3576.12,3418.76,3469.87,,0.001901466758830592
2021-08-02T00:00:00.000000,3450.9,3479.38,3157.99,3440.18,,0.004087172677333315
2021-08-09T00:00:00.000000,3448.26,3569.84,3399.64,3490.9,,0.00257326014819245
2021-08-16T00:00:00.000000,3455.7,3471.94,3328.7,3345.13,,0.00219908823359007
2021-08-23T00:00:00.000000,3330.82,3346.8,3162.76,3192.9,,0.0022563164333704584
2021-08-30T00:00:00.000000,3218.97,3368.65,3202.81,3257.07,,0.0018564754543489129
2021-09-06T00:00:00.000000,3275.97,3316.63,3088.78,3102.14,,0.002283220386686932
2021-09-13T00:00:00.000000,3106.26,3282.45,3085.15,3232.01,,0.001791286763526578
2021-09-20T00:00:00.000000,3231.39,3275.94,3122.32,3193.26,,0.002043957851762526
2021-09-27T00:00:00.000000,3144.45,3250.14,3141.24,3207.82,,0.0017007353905817888
2021-10-04T00:00:00.000000,3228.07,3280.3,3165.49,3244.65,,0.0022644920105835786
2021-10-11T00:00:00.000000,3259.46,3285.73,3224.06,3243.2,,0.0015691113019630047
2021-10-18T00:00:00.000000,3242.18,3284.65,3106.47,3276.32,,0.0016817937724885783
2021-10-25T00:00:00.000000,3287.04,3320.33,3231.05,3284.91,,0.0015098830742224006
2021-11-01T00:00:00.000000,3303.22,3370.79,3253.04,3350.67,,0.0018183572514926553
2021-11-08T00:00:00.000000,3341.47,3383.3,3301.44,3352.75,,0.0018825638807909203
2021-11-15T00:00:00.000000,3353.89,3446.04,3338.46,3430.14,,0.0013036249147048212
2021-11-22T00:00:00.000000,3435.62,3435.68,3374.01,3418.96,,0.00128416460386302
2021-11-29T00:00:00.000000,3434.57,3508.9,3430.59,3468.87,,0.0012426143672655348
2021-12-06T00:00:00.000000,3455.61,3522.5,3446.95,3478.67,,0.0013260577511411498
2021-12-13T00:00:00.000000,3460.96,3485.08,3338.0,3466.8,,0.001427957869532656
2021-12-20T00:00:00.000000,3473.39,3520.47,3427.02,3434.34,,0.0012398857028030727
2021-12-27T00:00:00.000000,3420.86,3434.09,3280.94,3297.11,,0.0015711170014331903
2022-01-03T00:00:00.000000,3296.41,3353.57,3273.82,3322.67,,0.0012458287744298953
2022-01-10T00:00:00.000000,3348.13,3349.45,3093.04,3096.88,,0.0017689572869278196
2022-01-17T00:00:00.000000,3082.78,3145.02,3050.59,3119.41,,0.0020181819278373096
2022-01-24T00:00:00.000000,3124.63,3177.82,3020.3,3034.68,,0.0018251117865944503
2022-01-31T00:00:00.000000,3011.63,3071.06,2882.67,2908.94,,0.0022400063074549193
2022-02-14T00:00:00.000000,2972.19,2987.5,2742.51,2746.38,,0.002729189946993015
2022-02-21T00:00:00.000000,2723.51,2861.97,2710.88,2826.81,,0.001907053025244155
2022-02-28T00:00:00.000000,2830.6,2882.07,2741.97,2855.8,,0.002488311424217828
2022-03-07T00:00:00.000000,2844.82,2905.13,2737.47,2748.64,,0.001960328422248985
2022-03-14T00:00:00.000000,2718.44,2720.78,2462.17,2665.46,,0.004036500326072685
2022-03-21T00:00:00.000000,2638.49,2764.25,2478.44,2713.79,,0.00388254043380329
2022-03-28T00:00:00.000000,2730.21,2756.35,2637.94,2637.94,,0.0021820728248239693
2022-04-04T00:00:00.000000,2622.47,2696.83,2576.23,2666.97,,0.002075490947923107
2022-04-11T00:00:00.000000,2662.28,2662.62,2546.51,2569.91,,0.0021278366339314674
2022-04-18T00:00:00.000000,2536.15,2536.15,2416.7,2460.36,,0.0029359821748166674
2022-04-25T00:00:00.000000,2435.85,2510.41,2279.78,2296.6,,0.002717202915426442
2022-05-02T00:00:00.000000,2240.04,2322.97,2122.32,2319.14,,0.0039435529923642085
2022-05-09T00:00:00.000000,2263.92,2317.17,2222.49,2244.97,,0.004206818012388827
2022-05-16T00:00:00.000000,2236.17,2401.1,2187.44,2358.16,,0.0024253044750349017
2022-05-23T00:00:00.000000,2376.64,2426.58,2323.07,2417.35,,0.002332916182295157
2022-05-30T00:00:00.000000,2422.13,2423.79,2283.44,2322.48,,0.002332932883583856
2022-06-06T00:00:00.000000,2338.35,2463.34,2323.35,2458.26,,0.001943403234869562
2022-06-13T00:00:00.000000,2456.16,2576.34,2455.95,2556.47,,0.0021443335465713507
2022-06-20T00:00:00.000000,2522.73,2666.08,2461.54,2657.21,,0.0029639876017746236
2022-06-27T00:00:00.000000,2672.77,2824.44,2664.69,2824.44,,0.002574547673379655
2022-07-04T00:00:00.000000,2838.58,2863.66,2764.4,2781.94,,0.0023866449171676117
2022-07-11T00:00:00.000000,2764.62,2887.72,2748.13,2817.64,,0.0023680010722344482
2022-07-18T00:00:00.000000,2804.55,2841.39,2674.47,2760.5,,0.002366286511554526
2022-07-25T00:00:00.000000,2778.4,2812.67,2714.12,2737.31,,0.00216509646856631
2022-08-01T00:00:00.000000,2732.61,2749.14,2665.65,2670.45,,0.0018086459225789815
2022-08-08T00:00:00.000000,2662.76,2734.64,2610.5,2683.6,,0.0027477038769383325
2022-08-15T00:00:00.000000,2668.99,2724.85,2645.55,2690.83,,0.001519341060813789
2022-08-22T00:00:00.000000,2688.66,2797.49,2686.82,2734.22,,0.0015410083142102446
2022-08-29T00:00:00.000000,2730.42,2803.43,2634.43,2640.29,,0.001884726856447606
2022-09-05T00:00:00.000000,2599.84,2641.17,2517.46,2533.02,,0.0019226980430915234
2022-09-12T00:00:00.000000,2528.71,2584.85,2493.43,2548.22,,0.00171393014062533
2022-09-19T00:00:00.000000,2566.84,2569.11,2366.89,2367.4,,0.0019020262342541276
2022-09-26T00:00:00.000000,2360.58,2397.92,2275.29,2303.91,,0.0022683953031327666
2022-10-03T00:00:00.000000,2288.23,2374.74,2285.64,2288.97,,0.0021164604043539853
2022-10-17T00:00:00.000000,2294.72,2453.04,2230.64,2434.22,,0.0024585902866996593
2022-10-24T00:00:00.000000,2419.64,2469.03,2365.72,2395.16,,0.0020646427717921113
2022-10-31T00:00:00.000000,2385.82,2412.6,2245.46,2250.51,,0.0028854720964893634
2022-11-07T00:00:00.000000,2228.62,2464.51,2227.83,2451.22,,0.0022994699041555245
2022-11-14T00:00:00.000000,2447.13,2470.64,2344.68,2405.32,,0.0027626155011474954
2022-11-21T00:00:00.000000,2406.87,2443.79,2351.0,2389.76,,0.0017752551460340543
2022-11-28T00:00:00.000000,2369.76,2389.64,2302.99,2309.36,,0.0018720852969271841
2022-12-05T00:00:00.000000,2264.83,2408.74,2261.05,2383.32,,0.0020696126033097778
2022-12-12T00:00:00.000000,2391.1,2432.11,2365.69,2420.63,,0.0014301774463712222
2022-12-19T00:00:00.000000,2409.44,2418.06,2361.89,2373.72,,0.0014076993666912155
2022-12-26T00:00:00.000000,2372.93,2389.3,2273.04,2286.19,,0.001459105128234197
2023-01-02T00:00:00.000000,2290.26,2369.14,2290.16,2346.77,,0.0013143905975685614
2023-01-09T00:00:00.000000,2339.98,2442.23,2312.31,2422.14,,0.0014377045980567735
2023-01-16T00:00:00.000000,2433.35,2493.13,2427.81,2493.13,,0.00133486871097858
2023-01-23T00:00:00.000000,2490.72,2588.89,2490.72,2585.96,,0.0011266598653539453
2023-02-06T00:00:00.000000,2657.39,2661.28,2551.83,2580.11,,0.0021857992721181327
2023-02-13T00:00:00.000000,2560.46,2571.2,2515.51,2545.16,,0.0014578807954554462
2023-02-20T00:00:00.000000,2546.14,2586.18,2449.35,2449.35,,0.0015171988707470298
2023-02-27T00:00:00.000000,2445.64,2481.57,2424.63,2428.94,,0.0014535167465886897
2023-03-06T00:00:00.000000,2416.43,2449.44,2403.65,2422.44,,0.0013804586682040134
2023-03-13T00:00:00.000000,2421.42,2435.9,2354.02,2370.36,,0.0012891622280010082
2023-03-20T00:00:00.000000,2359.72,2375.28,2289.28,2293.67,,0.0015930417937261674
2023-03-27T00:00:00.000000,2291.39,2373.77,2280.14,2370.38,,0.001510350059993268
2023-04-03T00:00:00.000000,2363.01,2402.55,2362.66,2399.5,,0.0012208926656812444
2023-04-10T00:00:00.000000,2406.14,2454.04,2402.3,2446.95,,0.0012795704485044801
2023-04-17T00:00:00.000000,2457.19,2463.27,2403.92,2428.09,,0.0013197571694285933
2023-04-24T00:00:00.000000,2420.01,2443.77,2340.61,2341.19,,0.0011306440810550898
2023-05-01T00:00:00.000000,2337.38,2340.26,2243.83,2324.72,,0.0015591151186699485
2023-05-08T00:00:00.000000,2316.33,2319.83,2260.64,2267.63,,0.0014360660244845877
2023-05-15T00:00:00.000000,2274.72,2296.45,2228.18,2252.38,,0.0013961581539929807
2023-05-22T00:00:00.000000,2259.17,2307.17,2257.82,2278.59,,0.0011836988984926617
2023-05-29T00:00:00.000000,2278.71,2291.33,2215.29,2229.27,,0.0013447182517601602
2023-06-05T00:00:00.000000,2236.98,2240.57,2180.7,2233.27,,0.0014695414076366271
2023-06-12T00:00:00.000000,2226.2,2226.59,2118.33,2143.01,,0.001595170180011234
2023-06-19T00:00:00.000000,2135.88,2272.02,2131.12,2270.06,,0.0011152989961037468
2023-06-26T00:00:00.000000,2271.76,2277.33,2211.84,2211.84,,0.0011767865846406497
2023-07-03T00:00:00.000000,2185.15,2227.99,2160.19,2215.0,,0.0015859839026398685
2023-07-10T00:00:00.000000,2223.33,2239.93,2169.21,2169.21,,0.001200833796575272
2023-07-17T00:00:00.000000,2174.33,2239.42,2174.33,2224.1,,0.0013210936599951906
2023-07-24T00:00:00.000000,2212.76,2215.25,2151.07,2163.12,,0.001103075777152494
2023-07-31T00:00:00.000000,2148.29,2224.03,2142.91,2219.54,,0.0013268509189620042
2023-08-07T00:00:00.000000,2233.26,2282.65,2213.04,2263.37,,0.0015149322727600616
2023-08-14T00:00:00.000000,2252.43,2256.0,2187.04,2187.04,,0.0011578888493064187
2023-08-21T00:00:00.000000,2163.28,2171.56,2113.3,2118.92,,0.001603342013285942
2023-08-28T00:00:00.000000,2108.7,2115.02,2032.58,2040.4,,0.0018854406439002482
2023-09-04T00:00:00.000000,2182.39,2182.39,2054.98,2100.26,,0.002938899807316819
2023-09-11T00:00:00.000000,2110.17,2122.62,2038.57,2049.77,,0.0012343201687270958
2023-09-18T00:00:00.000000,2048.95,2076.9,1996.12,2002.73,,0.0012995888529362034
2023-09-25T00:00:00.000000,1994.87,2033.15,1963.23,2013.34,,0.001232742585213058
2023-10-02T00:00:00.000000,2015.32,2027.82,1989.65,2003.91,,0.0011625549097285023
2023-10-16T00:00:00.000000,2000.13,2022.36,1977.77,1996.6,,0.0015971418347075262
2023-10-23T00:00:00.000000,1993.91,1994.26,1893.95,1896.95,,0.001498689907029823
2023-10-30T00:00:00.000000,1891.48,1937.31,1840.26,1929.91,,0.0017495286357777653
2023-11-06T00:00:00.000000,1933.79,1983.46,1931.7,1968.21,,0.0014290221061725725
2023-11-13T00:00:00.000000,1984.33,2035.91,1984.33,2005.24,,0.0016673295081246744
2023-11-20T00:00:00.000000,2018.83,2033.39,1971.22,1986.53,,0.0011248382942544155
2023-11-27T00:00:00.000000,1987.85,2014.59,1935.0,1937.94,,0.001213616023821016
2023-12-04T00:00:00.000000,1936.61,1938.73,1904.65,1926.28,,0.001303182637524632
2023-12-11T00:00:00.000000,1923.22,1926.17,1864.24,1892.18,,0.0014153044191147555
2023-12-18T00:00:00.000000,1880.58,1919.84,1844.18,1848.5,,0.0015779348866051094
2023-12-25T00:00:00.000000,1839.32,1848.32,1792.38,1825.84,,0.0016686402956456368
2024-01-01T00:00:00.000000,1820.25,1897.67,1796.7,1891.37,,0.001497186902331468
2024-01-08T00:00:00.000000,1889.02,1889.02,1765.72,1775.58,,0.001426953092066722
2024-01-15T00:00:00.000000,1769.33,1790.33,1726.56,1761.16,,0.002142129731264587
2024-01-22T00:00:00.000000,1751.52,1766.26,1678.43,1715.44,,0.00224839014716954
2024-01-29T00:00:00.000000,1710.29,1720.85,1642.16,1682.48,,0.0025951990890314396
2024-02-05T00:00:00.000000,1680.15,1685.6,1512.06,1550.37,,0.002837801368958676
2024-02-12T00:00:00.000000,1534.19,1764.39,1482.99,1726.86,,0.0044806496960375225
2024-02-26T00:00:00.000000,1752.86,1783.81,1722.49,1758.19,,0.0019708162131224817
2024-03-04T00:00:00.000000,1752.76,1830.94,1738.33,1824.03,,0.002250878092431044
2024-03-11T00:00:00.000000,1827.13,1855.61,1779.77,1807.29,,0.0020569172001285107
2024-03-18T00:00:00.000000,1817.07,1915.09,1812.79,1884.09,,0.001958767999803081
2024-03-25T00:00:00.000000,1906.12,1926.4,1860.35,1869.17,,0.00156558299053614
2024-04-01T00:00:00.000000,1864.53,1871.06,1787.96,1818.2,,0.0020072759465561375
2024-04-08T00:00:00.000000,1833.49,1872.12,1833.49,1840.41,,0.0018562245856998316
2024-04-15T00:00:00.000000,1834.45,1840.55,1760.94,1762.88,,0.001578181517875002
2024-04-22T00:00:00.000000,1770.17,1807.95,1740.4,1756.0,,0.0025194185882962566
2024-04-29T00:00:00.000000,1739.01,1826.49,1735.28,1823.74,,0.001945166408217609
2024-05-06T00:00:00.000000,1831.44,1904.92,1831.44,1858.39,,0.0021397733886718315
2024-05-13T00:00:00.000000,1896.84,1907.02,1863.22,1878.17,,0.001787181868654859
2024-05-20T00:00:00.000000,1859.34,1876.17,1833.43,1864.94,,0.001374914723473295
2024-05-27T00:00:00.000000,1869.55,1887.05,1818.14,1818.56,,0.001112973706119867
2024-06-03T00:00:00.000000,1824.17,1832.82,1802.77,1805.11,,0.0014194788300682128
2024-06-10T00:00:00.000000,1806.41,1858.69,1764.84,1781.07,,0.0016122765733077534
2024-06-17T00:00:00.000000,1766.92,1799.09,1758.89,1791.36,,0.0014905526597317744
2024-06-24T00:00:00.000000,1780.94,1822.11,1742.47,1755.88,,0.0012908140337272627
2024-07-01T00:00:00.000000,1745.93,1755.52,1680.42,1683.43,,0.0016863549398753192
2024-07-08T00:00:00.000000,1679.66,1689.54,1631.89,1655.59,,0.0015468552185078075
2024-07-15T00:00:00.000000,1651.64,1694.78,1614.61,1683.63,,0.0019392141254454566
2024-07-22T00:00:00.000000,1674.89,1731.13,1665.34,1725.49,,0.0016584735911234526
2024-07-29T00:00:00.000000,1729.28,1735.6,1638.54,1659.53,,0.0016207760800982722
2024-08-05T00:00:00.000000,1653.39,1694.59,1621.94,1638.3,,0.0016754470321471064
2024-08-12T00:00:00.000000,1621.19,1656.09,1595.64,1595.64,,0.0019174199414282033
2024-08-19T00:00:00.000000,1596.41,1608.95,1581.05,1591.46,,0.001467505433713606
2024-08-26T00:00:00.000000,1589.21,1608.27,1537.78,1546.9,,0.00136369083611608
2024-09-02T00:00:00.000000,1550.04,1601.16,1512.17,1580.46,,0.0016494354983528055
2024-09-09T00:00:00.000000,1577.44,1581.87,1533.46,1538.07,,0.001684482225568652
2024-09-16T00:00:00.000000,1528.65,1577.17,1522.88,1535.17,,0.0015756054526722242
2024-09-23T00:00:00.000000,1533.38,1565.21,1520.72,1536.6,,0.00176144390423469
2024-09-30T00:00:00.000000,1538.05,1919.79,1528.94,1885.49,,0.004349825409207762
2024-10-07T00:00:00.000000,1994.26,2182.39,1966.34,2175.09,,0.014014124373103317
2024-10-14T00:00:00.000000,2576.22,2576.22,2066.58,2100.87,,0.014995928214625252
2024-10-21T00:00:00.000000,2119.39,2273.0,2026.52,2195.1,,0.00441624330773235
2024-10-28T00:00:00.000000,2211.39,2277.17,2168.24,2238.9,,0.003382474813318094
2024-11-04T00:00:00.000000,2228.08,2239.26,2120.73,2123.74,,0.002648620092305735
2024-11-11T00:00:00.000000,2122.98,2402.38,2122.98,2321.59,,0.0037235789837609967
2024-11-18T00:00:00.000000,2298.62,2448.2,2243.62,2243.62,,0.003087523622877453
2024-11-25T00:00:00.000000,2244.32,2283.75,2173.18,2175.57,,0.002752650933069688
2024-12-02T00:00:00.000000,2184.1,2264.68,2119.54,2224.0,,0.002536138716915119
